emergency_id,emergency_type,severity_reported,distance_km,traffic_level,time_of_day,people_affected,ambulance_available,hospital_icu_available,weather_condition,area_risk_score,severity_class,actual_response_time,outcome
E0001,minor_injury,2,4.0,3,normal,3,2,1,rain,8,Medium,16,delayed
E0002,heart_attack,1,1.46,4,rush_hour,4,5,0,rain,9,Low,14,stabilized
E0003,gas_leak,4,2.41,5,night,2,5,0,rain,1,Critical,16,delayed
E0004,minor_injury,4,1.94,4,normal,5,5,0,rain,8,Critical,15,stabilized
E0005,fire_house,3,14.44,1,rush_hour,159,4,1,rain,8,High,30,escalated
E0006,minor_injury,1,3.02,1,rush_hour,1,4,1,fog,3,Low,12,stabilized
E0007,minor_injury,2,5.47,5,night,3,2,0,clear,10,Medium,20,delayed
E0008,fire_house,3,12.74,1,night,158,2,1,fog,2,High,29,escalated
E0009,road_accident,4,9.05,1,night,4,1,1,rain,9,Critical,24,escalated
E0010,minor_injury,3,9.98,4,rush_hour,1,2,0,clear,4,High,32,escalated
E0011,road_accident,3,9.23,1,rush_hour,1,3,0,windy,10,High,22,escalated
E0012,gas_leak,3,14.55,1,rush_hour,4,3,0,windy,8,High,32,escalated
E0013,minor_injury,5,8.05,4,normal,5,4,1,fog,6,Critical,27,escalated
E0014,fire_house,4,14.78,1,night,45,1,1,rain,3,Critical,34,escalated
E0015,fire_school,2,6.66,5,night,23,4,0,fog,6,Critical,24,escalated
E0016,fire_house,3,10.54,2,rush_hour,192,4,1,windy,1,High,25,escalated
E0017,fire_house,2,1.44,2,normal,146,5,1,rain,3,Medium,8,stabilized
E0018,road_accident,3,13.97,5,rush_hour,3,5,0,fog,9,High,41,escalated
E0019,gas_leak,5,10.34,2,rush_hour,1,3,0,rain,1,Critical,25,escalated
E0020,fire_house,3,6.91,4,normal,144,5,0,windy,9,High,22,escalated
E0021,road_accident,1,7.46,2,night,2,5,0,rain,3,Low,18,delayed
E0022,fire_house,5,11.16,2,night,37,4,0,fog,6,Critical,28,escalated
E0023,road_accident,3,4.85,5,normal,1,4,1,windy,9,High,24,escalated
E0024,heart_attack,3,14.9,5,normal,5,3,0,rain,5,High,42,escalated
E0025,gas_leak,1,10.06,4,night,3,0,0,fog,4,Low,32,delayed
E0026,fire_school,4,4.32,5,normal,192,3,1,clear,3,Critical,23,escalated
E0027,gas_leak,2,6.3,2,rush_hour,1,5,0,clear,7,Medium,21,delayed
E0028,minor_injury,2,7.87,2,night,5,5,1,rain,8,Medium,19,delayed
E0029,heart_attack,2,5.64,3,rush_hour,3,0,0,fog,6,Medium,19,delayed
E0030,road_accident,5,9.86,5,normal,2,4,0,fog,7,Critical,32,escalated
E0031,gas_leak,4,11.9,5,normal,2,5,1,clear,9,Critical,35,escalated
E0032,fire_house,3,2.11,1,night,113,3,1,fog,8,High,10,stabilized
E0033,heart_attack,2,6.54,2,night,1,2,0,clear,3,Medium,18,delayed
E0034,gas_leak,4,0.84,2,normal,2,3,1,windy,9,Critical,6,stabilized
E0035,fire_school,2,8.52,4,night,139,5,0,clear,1,Critical,28,escalated
E0036,fire_house,3,8.4,3,normal,69,1,1,fog,3,High,23,escalated
E0037,gas_leak,2,12.74,2,night,1,5,1,windy,10,Medium,33,delayed
E0038,fire_house,1,13.74,2,normal,174,2,1,rain,2,Low,36,delayed
E0039,minor_injury,1,5.18,3,rush_hour,4,5,1,clear,5,Low,17,delayed
E0040,fire_school,4,7.46,3,rush_hour,170,5,0,clear,2,Critical,22,escalated
E0041,road_accident,4,11.31,2,night,3,1,1,clear,1,Critical,30,escalated
E0042,road_accident,3,6.93,5,night,1,2,1,fog,2,High,28,escalated
E0043,fire_school,3,9.71,1,night,38,0,1,clear,10,Critical,22,escalated
E0044,minor_injury,4,0.88,5,night,2,5,1,fog,1,Critical,11,stabilized
E0045,fire_school,2,13.92,2,normal,138,1,1,fog,3,Critical,34,escalated
E0046,fire_school,1,4.05,1,normal,131,5,1,rain,9,Critical,10,stabilized
E0047,fire_house,3,7.99,3,night,97,4,0,clear,10,High,24,escalated
E0048,gas_leak,2,14.86,4,rush_hour,3,0,1,windy,4,Medium,42,delayed
E0049,fire_house,4,2.86,2,normal,168,0,1,windy,2,Critical,13,stabilized
E0050,road_accident,1,8.16,5,night,1,3,1,clear,3,Low,26,delayed
E0051,fire_house,4,10.23,2,night,47,3,0,windy,5,Critical,24,escalated
E0052,heart_attack,2,13.38,4,normal,5,2,1,rain,9,Medium,38,delayed
E0053,fire_school,5,3.78,4,normal,55,4,0,windy,8,Critical,16,delayed
E0054,fire_house,3,6.93,1,normal,158,4,1,rain,7,High,16,delayed
E0055,minor_injury,1,14.7,3,night,5,5,0,clear,2,Low,36,delayed
E0056,road_accident,2,3.59,2,normal,2,4,1,rain,3,Medium,15,stabilized
E0057,gas_leak,2,10.23,2,night,3,0,0,rain,9,Medium,26,delayed
E0058,fire_school,1,11.03,5,rush_hour,154,1,1,windy,8,Critical,32,escalated
E0059,road_accident,3,3.15,1,rush_hour,3,4,0,windy,6,High,13,stabilized
E0060,gas_leak,3,1.13,3,rush_hour,3,1,1,fog,2,High,13,stabilized
E0061,heart_attack,4,5.12,3,rush_hour,2,3,1,rain,6,Critical,20,delayed
E0062,fire_house,4,12.69,4,normal,166,2,0,fog,4,Critical,35,escalated
E0063,minor_injury,3,7.26,3,night,2,5,1,clear,8,High,21,escalated
E0064,heart_attack,4,1.81,3,normal,3,1,1,clear,2,Critical,11,stabilized
E0065,fire_school,5,9.18,2,night,142,5,1,fog,6,Critical,22,escalated
E0066,road_accident,5,11.54,2,rush_hour,2,5,1,rain,9,Critical,29,escalated
E0067,gas_leak,2,6.81,2,rush_hour,1,5,0,windy,7,Medium,22,delayed
E0068,fire_house,3,2.44,4,rush_hour,57,5,0,clear,4,High,14,stabilized
E0069,gas_leak,2,1.51,2,night,2,0,1,rain,8,Medium,11,stabilized
E0070,fire_school,3,12.95,3,night,67,4,1,fog,3,Critical,32,escalated
E0071,road_accident,2,14.94,3,rush_hour,1,5,1,rain,10,Medium,40,delayed
E0072,minor_injury,3,1.13,2,rush_hour,4,1,1,fog,5,High,11,stabilized
E0073,fire_school,3,7.04,5,night,122,5,0,rain,2,Critical,27,escalated
E0074,heart_attack,3,5.41,5,night,4,3,0,clear,2,High,20,delayed
E0075,gas_leak,4,8.42,2,normal,2,0,1,fog,1,Critical,23,escalated
E0076,minor_injury,3,13.46,3,rush_hour,3,0,0,rain,3,High,35,escalated
E0077,heart_attack,1,14.67,5,night,4,0,1,fog,5,Low,44,delayed
E0078,gas_leak,1,11.32,1,rush_hour,5,2,1,fog,6,Low,25,delayed
E0079,minor_injury,4,4.6,3,night,5,0,1,fog,10,Critical,15,stabilized
E0080,heart_attack,4,1.83,2,rush_hour,4,5,0,fog,9,Critical,12,stabilized
E0081,heart_attack,2,5.61,2,normal,2,2,0,fog,7,Medium,16,delayed
E0082,road_accident,4,2.08,3,normal,3,2,1,clear,1,Critical,12,stabilized
E0083,road_accident,4,13.96,4,normal,1,0,1,fog,3,Critical,40,escalated
E0084,heart_attack,4,3.62,1,night,3,0,0,windy,10,Critical,11,stabilized
E0085,gas_leak,1,14.43,1,night,1,0,0,clear,7,Low,33,delayed
E0086,fire_school,1,9.92,3,night,119,2,1,rain,2,Critical,29,escalated
E0087,gas_leak,3,2.72,5,rush_hour,5,1,1,windy,3,High,16,delayed
E0088,minor_injury,3,14.06,1,normal,3,5,1,clear,3,High,33,escalated
E0089,fire_house,4,6.56,4,rush_hour,38,3,0,fog,1,Critical,24,escalated
E0090,gas_leak,4,3.98,4,rush_hour,2,0,1,windy,3,Critical,19,delayed
E0091,gas_leak,1,14.36,4,normal,5,3,0,fog,9,Low,41,delayed
E0092,minor_injury,3,13.79,4,rush_hour,3,0,0,windy,4,High,39,escalated
E0093,fire_house,3,12.4,1,night,121,2,1,windy,7,High,29,escalated
E0094,gas_leak,3,4.0,5,rush_hour,4,1,1,clear,3,High,21,escalated
E0095,road_accident,3,0.54,2,normal,1,2,0,windy,2,High,7,stabilized
E0096,gas_leak,1,14.81,4,normal,5,3,1,clear,2,Low,37,delayed
E0097,heart_attack,5,14.73,3,night,4,0,1,fog,10,Critical,39,escalated
E0098,fire_school,1,1.89,2,night,173,3,1,fog,9,Critical,9,stabilized
E0099,fire_house,3,5.61,4,rush_hour,190,1,1,windy,3,High,23,escalated
E0100,fire_school,5,0.97,3,normal,122,0,1,clear,10,Critical,7,stabilized
E0101,heart_attack,4,13.18,5,normal,1,5,0,rain,8,Critical,38,escalated
E0102,fire_house,1,4.81,4,night,77,4,0,windy,2,Low,21,delayed
E0103,fire_school,3,4.31,4,night,93,1,1,fog,3,Critical,19,delayed
E0104,road_accident,1,10.75,1,rush_hour,4,1,1,clear,1,Low,25,delayed
E0105,gas_leak,5,11.7,1,night,1,5,1,windy,5,Critical,26,escalated
E0106,road_accident,5,1.8,5,night,2,3,0,windy,1,Critical,18,delayed
E0107,minor_injury,1,8.05,1,night,5,0,0,fog,3,Low,23,delayed
E0108,road_accident,2,6.87,2,rush_hour,3,5,0,windy,5,Medium,19,delayed
E0109,fire_school,1,4.76,2,rush_hour,18,3,1,windy,7,Critical,17,delayed
E0110,heart_attack,4,7.58,2,night,2,0,1,windy,5,Critical,22,escalated
E0111,minor_injury,1,9.01,4,rush_hour,1,2,1,clear,3,Low,26,delayed
E0112,fire_school,4,3.75,2,rush_hour,146,0,1,windy,6,Critical,15,stabilized
E0113,heart_attack,2,8.14,1,normal,3,5,0,windy,3,Medium,22,delayed
E0114,heart_attack,5,1.23,5,normal,5,5,1,clear,2,Critical,17,delayed
E0115,minor_injury,2,13.2,5,normal,3,1,0,fog,7,Medium,40,delayed
E0116,heart_attack,4,5.63,1,night,2,4,1,fog,10,Critical,14,stabilized
E0117,fire_school,1,12.8,1,normal,167,3,0,fog,5,Critical,28,escalated
E0118,fire_house,1,11.98,2,rush_hour,62,5,1,clear,3,Low,28,delayed
E0119,heart_attack,3,11.08,4,normal,3,5,0,fog,6,High,31,escalated
E0120,road_accident,2,11.58,3,normal,2,1,0,rain,6,Medium,33,delayed
E0121,fire_school,4,6.01,4,night,155,3,1,windy,9,Critical,24,escalated
E0122,heart_attack,4,7.51,1,normal,4,1,1,fog,4,Critical,17,delayed
E0123,fire_house,1,1.48,5,night,151,4,0,rain,5,Low,17,delayed
E0124,fire_school,2,6.68,1,normal,7,1,0,windy,8,Critical,18,delayed
E0125,heart_attack,3,14.17,2,rush_hour,5,3,0,rain,7,High,32,escalated
E0126,fire_house,4,4.24,3,rush_hour,82,3,0,clear,4,Critical,16,delayed
E0127,fire_house,2,11.28,5,night,94,3,1,windy,7,Medium,34,delayed
E0128,gas_leak,4,9.31,4,night,4,5,1,rain,1,Critical,28,escalated
E0129,heart_attack,2,7.95,3,rush_hour,4,4,1,clear,6,Medium,26,delayed
E0130,minor_injury,2,12.24,2,night,2,1,1,rain,10,Medium,30,delayed
E0131,fire_school,3,13.69,1,rush_hour,173,0,0,clear,4,Critical,34,escalated
E0132,heart_attack,2,13.62,3,normal,1,2,1,rain,5,Medium,36,delayed
E0133,minor_injury,3,8.09,4,normal,4,2,1,clear,5,High,28,escalated
E0134,gas_leak,5,12.18,5,night,4,5,0,clear,2,Critical,34,escalated
E0135,minor_injury,4,0.68,3,rush_hour,4,2,1,fog,1,Critical,11,stabilized
E0136,minor_injury,4,5.68,4,rush_hour,4,1,1,windy,10,Critical,21,escalated
E0137,fire_house,2,1.65,1,rush_hour,147,1,0,clear,4,Medium,8,stabilized
E0138,road_accident,2,10.2,4,normal,5,2,1,rain,3,Medium,33,delayed
E0139,heart_attack,3,3.13,3,night,1,1,1,windy,8,High,17,delayed
E0140,fire_house,5,3.41,5,rush_hour,197,5,1,windy,5,Critical,16,delayed
E0141,fire_house,5,12.72,2,normal,76,0,1,fog,8,Critical,32,escalated
E0142,gas_leak,2,8.04,3,normal,3,1,0,windy,4,Medium,27,delayed
E0143,fire_school,5,11.46,4,normal,76,2,0,clear,5,Critical,30,escalated
E0144,fire_house,1,14.11,5,night,197,2,1,rain,9,Low,43,delayed
E0145,fire_house,5,1.26,3,rush_hour,104,3,1,clear,5,Critical,8,stabilized
E0146,fire_house,3,1.73,5,night,137,3,1,clear,2,High,18,delayed
E0147,road_accident,5,7.25,2,night,4,0,1,rain,1,Critical,19,delayed
E0148,minor_injury,5,1.9,4,rush_hour,1,1,0,fog,2,Critical,16,delayed
E0149,fire_house,2,11.53,4,normal,141,3,1,fog,10,Medium,33,delayed
E0150,heart_attack,4,7.3,3,night,5,2,0,clear,7,Critical,20,delayed
E0151,heart_attack,3,13.93,5,normal,5,3,0,clear,4,High,37,escalated
E0152,fire_school,2,13.57,3,night,168,1,0,rain,3,Critical,34,escalated
E0153,fire_house,5,5.23,3,normal,66,3,0,rain,3,Critical,16,delayed
E0154,fire_house,1,14.68,1,rush_hour,68,5,0,fog,8,Low,34,delayed
E0155,fire_house,1,0.97,5,rush_hour,183,5,0,clear,8,Low,11,stabilized
E0156,fire_school,1,13.93,3,rush_hour,74,1,0,windy,8,Critical,34,escalated
E0157,heart_attack,4,12.85,5,normal,4,1,0,rain,7,Critical,39,escalated
E0158,minor_injury,1,11.82,4,normal,1,5,0,clear,10,Low,31,delayed
E0159,road_accident,4,13.79,2,normal,1,4,0,clear,8,Critical,33,escalated
E0160,fire_house,5,13.42,5,rush_hour,119,2,1,rain,5,Critical,38,escalated
E0161,fire_school,4,3.06,3,rush_hour,77,0,1,clear,6,Critical,15,stabilized
E0162,fire_house,2,3.57,3,normal,111,1,1,fog,10,Medium,17,delayed
E0163,fire_school,2,9.77,5,night,121,1,0,windy,8,Critical,30,escalated
E0164,minor_injury,1,9.73,2,normal,1,1,0,windy,1,Low,25,delayed
E0165,gas_leak,2,7.01,1,night,3,0,0,clear,1,Medium,18,delayed
E0166,road_accident,4,4.35,1,rush_hour,3,0,1,rain,1,Critical,12,stabilized
E0167,fire_house,3,5.63,2,rush_hour,161,3,0,rain,4,High,15,stabilized
E0168,heart_attack,2,0.96,3,rush_hour,4,3,1,fog,5,Medium,12,stabilized
E0169,road_accident,2,5.62,2,rush_hour,5,5,0,windy,10,Medium,18,delayed
E0170,fire_house,4,6.71,1,night,163,5,1,fog,10,Critical,18,delayed
E0171,minor_injury,3,4.32,2,night,2,4,0,rain,10,High,12,stabilized
E0172,fire_house,1,10.2,5,rush_hour,46,5,1,clear,6,Low,32,delayed
E0173,fire_school,5,0.59,5,night,129,0,0,windy,8,Critical,13,stabilized
E0174,road_accident,3,10.02,2,night,2,3,1,windy,3,High,27,escalated
E0175,fire_school,2,9.15,2,rush_hour,24,5,0,rain,10,Critical,22,escalated
E0176,minor_injury,1,13.61,1,night,4,4,0,clear,1,Low,29,delayed
E0177,fire_house,1,14.7,1,normal,86,0,1,windy,10,Low,33,delayed
E0178,minor_injury,5,9.46,1,normal,1,2,1,rain,2,Critical,24,escalated
E0179,minor_injury,5,10.1,1,normal,2,0,1,rain,6,Critical,26,escalated
E0180,heart_attack,3,11.13,5,night,2,3,0,fog,2,High,33,escalated
E0181,gas_leak,3,6.17,1,normal,2,3,1,rain,2,High,19,delayed
E0182,gas_leak,2,8.52,3,night,4,4,1,clear,8,Medium,27,delayed
E0183,heart_attack,2,2.25,5,rush_hour,1,5,1,fog,2,Medium,17,delayed
E0184,minor_injury,5,5.11,3,normal,4,1,1,rain,2,Critical,19,delayed
E0185,fire_house,2,5.28,5,night,80,0,0,rain,1,Medium,23,delayed
E0186,fire_house,1,12.83,1,rush_hour,138,3,1,clear,5,Low,29,delayed
E0187,minor_injury,2,12.97,1,normal,2,4,1,rain,1,Medium,28,delayed
E0188,gas_leak,1,3.71,3,night,1,5,1,windy,8,Low,16,delayed
E0189,fire_house,1,11.1,1,rush_hour,77,1,1,rain,6,Low,25,delayed
E0190,road_accident,1,9.49,1,rush_hour,3,2,0,windy,4,Low,20,delayed
E0191,heart_attack,3,3.24,1,rush_hour,5,0,0,fog,5,High,10,stabilized
E0192,fire_house,5,3.0,1,normal,141,5,1,clear,4,Critical,8,stabilized
E0193,fire_school,2,8.71,5,night,185,0,1,rain,8,Critical,27,escalated
E0194,fire_house,2,2.87,5,rush_hour,62,5,1,rain,4,Medium,19,delayed
E0195,fire_school,4,7.46,5,night,127,4,0,fog,10,Critical,24,escalated
E0196,fire_school,1,5.59,1,normal,67,0,0,fog,10,Critical,18,delayed
E0197,fire_school,3,8.39,5,night,102,0,1,windy,4,Critical,28,escalated
E0198,heart_attack,4,5.21,5,rush_hour,3,3,0,rain,8,Critical,20,delayed
E0199,minor_injury,2,11.53,1,normal,5,3,0,fog,8,Medium,28,delayed
E0200,gas_leak,1,9.15,4,night,3,2,1,rain,2,Low,29,delayed
E0201,road_accident,5,9.04,4,night,4,5,0,windy,9,Critical,29,escalated
E0202,road_accident,4,10.36,3,rush_hour,2,3,1,windy,3,Critical,26,escalated
E0203,heart_attack,1,13.35,1,rush_hour,1,2,1,rain,10,Low,30,delayed
E0204,gas_leak,5,10.08,2,normal,1,2,1,fog,8,Critical,26,escalated
E0205,fire_house,1,4.28,3,normal,147,2,1,fog,5,Low,19,delayed
E0206,road_accident,4,5.08,2,night,1,0,1,clear,5,Critical,19,delayed
E0207,gas_leak,2,5.0,2,night,5,1,1,fog,10,Medium,16,delayed
E0208,fire_house,1,7.19,5,night,64,1,1,rain,10,Low,26,delayed
E0209,heart_attack,4,9.47,3,night,4,3,1,clear,9,Critical,27,escalated
E0210,gas_leak,3,1.01,5,night,3,2,1,fog,2,High,16,delayed
E0211,road_accident,4,9.7,1,rush_hour,5,2,0,rain,4,Critical,23,escalated
E0212,minor_injury,1,11.14,5,normal,2,5,1,fog,6,Low,32,delayed
E0213,heart_attack,3,8.31,2,rush_hour,3,3,1,clear,6,High,20,delayed
E0214,fire_house,1,13.27,2,night,192,1,0,rain,7,Low,31,delayed
E0215,heart_attack,4,1.03,2,normal,4,3,1,rain,2,Critical,8,stabilized
E0216,gas_leak,5,13.96,1,normal,1,3,0,rain,10,Critical,34,escalated
E0217,minor_injury,2,7.01,5,normal,4,1,1,windy,3,Medium,25,delayed
E0218,road_accident,1,13.03,5,rush_hour,1,2,0,clear,2,Low,41,delayed
E0219,minor_injury,5,12.02,4,night,4,3,0,rain,5,Critical,37,escalated
E0220,minor_injury,2,8.39,1,night,3,3,1,fog,7,Medium,23,delayed
E0221,gas_leak,5,12.7,3,night,1,2,0,fog,9,Critical,35,escalated
E0222,minor_injury,2,14.71,3,night,1,1,0,fog,7,Medium,40,delayed
E0223,gas_leak,1,5.68,1,rush_hour,5,0,1,windy,7,Low,13,stabilized
E0224,fire_house,3,1.71,5,normal,192,0,1,fog,6,High,16,delayed
E0225,heart_attack,2,11.91,3,night,1,4,1,windy,5,Medium,33,delayed
E0226,road_accident,3,9.91,2,night,2,5,0,windy,7,High,25,escalated
E0227,fire_house,1,12.15,5,normal,42,4,1,fog,5,Low,38,delayed
E0228,fire_school,4,13.01,2,rush_hour,57,3,1,fog,9,Critical,34,escalated
E0229,heart_attack,4,5.78,2,normal,1,4,1,fog,6,Critical,19,delayed
E0230,gas_leak,2,11.97,5,rush_hour,3,0,0,clear,8,Medium,37,delayed
E0231,fire_school,3,12.64,3,night,49,4,0,rain,9,Critical,35,escalated
E0232,gas_leak,4,12.23,5,night,4,4,0,windy,7,Critical,37,escalated
E0233,minor_injury,3,4.37,1,normal,1,0,0,clear,10,High,15,stabilized
E0234,fire_school,5,8.94,2,rush_hour,22,0,0,fog,10,Critical,24,escalated
E0235,road_accident,4,6.44,3,night,4,4,0,clear,8,Critical,19,delayed
E0236,heart_attack,2,7.98,3,normal,5,1,1,windy,6,Medium,21,delayed
E0237,minor_injury,4,5.64,5,rush_hour,2,1,0,windy,10,Critical,25,escalated
E0238,road_accident,4,7.23,5,rush_hour,3,5,0,rain,5,Critical,27,escalated
E0239,fire_house,5,9.09,1,normal,14,0,1,rain,7,Critical,22,escalated
E0240,gas_leak,5,3.14,3,night,1,0,0,fog,8,Critical,17,delayed
E0241,minor_injury,4,1.24,1,rush_hour,3,4,0,rain,3,Critical,6,stabilized
E0242,gas_leak,3,10.9,5,night,3,3,0,clear,9,High,34,escalated
E0243,road_accident,1,9.21,2,normal,1,2,0,windy,5,Low,26,delayed
E0244,road_accident,3,12.26,5,night,5,2,1,clear,7,High,36,escalated
E0245,fire_house,4,14.48,5,normal,61,0,1,rain,6,Critical,43,escalated
E0246,fire_school,5,6.0,1,night,168,5,0,fog,9,Critical,19,delayed
E0247,minor_injury,3,11.48,2,rush_hour,2,5,0,clear,4,High,29,escalated
E0248,heart_attack,2,13.33,2,normal,5,5,0,clear,6,Medium,30,delayed
E0249,fire_school,4,3.16,3,rush_hour,96,5,0,rain,2,Critical,13,stabilized
E0250,gas_leak,1,3.67,5,normal,3,0,1,fog,5,Low,18,delayed
E0251,heart_attack,3,7.9,2,rush_hour,1,2,1,windy,10,High,24,escalated
E0252,fire_school,2,7.16,3,normal,192,4,1,rain,5,Critical,21,escalated
E0253,fire_house,2,5.09,1,rush_hour,159,4,0,rain,6,Medium,12,stabilized
E0254,road_accident,5,1.06,4,night,2,0,1,rain,2,Critical,12,stabilized
E0255,road_accident,1,9.42,1,normal,3,5,1,rain,1,Low,25,delayed
E0256,heart_attack,3,14.95,1,night,4,5,1,windy,4,High,33,escalated
E0257,road_accident,1,4.11,3,rush_hour,3,4,0,fog,6,Low,14,stabilized
E0258,gas_leak,3,10.35,4,rush_hour,3,4,0,rain,3,High,28,escalated
E0259,fire_house,2,7.81,4,rush_hour,123,2,0,clear,4,Medium,26,delayed
E0260,gas_leak,5,2.6,1,night,1,0,1,fog,1,Critical,7,stabilized
E0261,road_accident,3,6.66,1,night,4,3,0,fog,5,High,20,delayed
E0262,fire_house,1,10.92,2,rush_hour,54,4,1,windy,2,Low,30,delayed
E0263,gas_leak,5,9.32,4,night,5,1,1,fog,7,Critical,29,escalated
E0264,gas_leak,2,10.17,3,rush_hour,5,0,0,fog,5,Medium,30,delayed
E0265,minor_injury,3,14.08,5,normal,3,2,0,fog,3,High,40,escalated
E0266,gas_leak,5,3.04,5,rush_hour,5,4,0,clear,7,Critical,17,delayed
E0267,fire_house,4,10.0,2,night,35,5,0,fog,2,Critical,25,escalated
E0268,fire_house,2,7.62,1,night,94,1,0,rain,2,Medium,18,delayed
E0269,fire_school,1,13.96,3,night,153,3,1,fog,2,Critical,35,escalated
E0270,heart_attack,2,12.5,3,rush_hour,1,4,1,clear,10,Medium,35,delayed
E0271,gas_leak,2,1.27,5,rush_hour,1,1,1,windy,3,Medium,12,stabilized
E0272,minor_injury,3,8.99,1,night,3,5,1,windy,1,High,22,escalated
E0273,road_accident,1,8.59,5,normal,1,5,1,clear,10,Low,28,delayed
E0274,road_accident,2,9.59,5,night,5,4,1,fog,1,Medium,32,delayed
E0275,road_accident,2,10.54,3,night,5,1,0,clear,7,Medium,29,delayed
E0276,minor_injury,4,1.61,4,night,3,2,0,fog,5,Critical,13,stabilized
E0277,fire_school,1,12.08,4,night,151,4,1,rain,10,Critical,36,escalated
E0278,fire_house,3,10.66,4,normal,162,1,0,rain,3,High,32,escalated
E0279,fire_house,3,4.2,5,rush_hour,143,1,1,rain,7,High,22,escalated
E0280,fire_school,1,1.61,3,night,93,5,0,clear,1,Critical,13,stabilized
E0281,fire_school,3,9.55,1,rush_hour,136,5,1,fog,10,Critical,22,escalated
E0282,fire_house,2,10.02,3,rush_hour,168,4,1,clear,6,Medium,30,delayed
E0283,fire_school,3,8.65,5,normal,21,0,1,windy,3,Critical,31,escalated
E0284,road_accident,1,13.23,3,rush_hour,4,1,0,clear,3,Low,36,delayed
E0285,fire_house,1,5.09,1,night,124,4,0,fog,5,Low,16,delayed
E0286,heart_attack,3,5.45,5,rush_hour,2,5,0,windy,1,High,24,escalated
E0287,heart_attack,3,12.0,1,normal,1,4,1,clear,10,High,31,escalated
E0288,fire_house,5,0.63,2,rush_hour,67,5,1,clear,4,Critical,6,stabilized
E0289,fire_school,3,13.78,5,normal,105,4,1,clear,1,Critical,40,escalated
E0290,minor_injury,3,6.7,4,night,4,2,1,rain,4,High,24,escalated
E0291,road_accident,4,13.54,2,rush_hour,4,2,0,clear,2,Critical,31,escalated
E0292,gas_leak,4,3.9,3,rush_hour,1,3,1,clear,6,Critical,13,stabilized
E0293,fire_house,5,7.58,3,normal,118,4,0,clear,2,Critical,22,escalated
E0294,fire_school,3,8.15,5,normal,13,2,1,fog,2,Critical,29,escalated
E0295,gas_leak,4,2.57,2,rush_hour,3,2,0,clear,1,Critical,12,stabilized
E0296,fire_house,2,11.41,2,rush_hour,108,0,0,rain,8,Medium,31,delayed
E0297,road_accident,5,7.95,5,normal,3,4,0,clear,8,Critical,25,escalated
E0298,fire_school,1,6.66,4,normal,68,5,1,clear,6,Critical,26,escalated
E0299,minor_injury,2,14.13,5,normal,4,3,1,clear,8,Medium,39,delayed
E0300,fire_school,2,6.5,4,rush_hour,123,4,0,clear,8,Critical,24,escalated
E0301,minor_injury,3,1.76,1,normal,4,1,0,rain,6,High,9,stabilized
E0302,fire_school,3,8.29,3,rush_hour,122,3,0,fog,4,Critical,26,escalated
E0303,fire_house,1,14.99,3,night,199,3,1,clear,2,Low,37,delayed
E0304,road_accident,1,12.27,5,normal,3,5,1,fog,10,Low,38,delayed
E0305,heart_attack,2,1.6,1,normal,1,3,0,clear,7,Medium,8,stabilized
E0306,gas_leak,3,14.36,4,night,4,0,1,fog,3,High,41,escalated
E0307,minor_injury,2,1.27,1,night,3,5,0,rain,4,Medium,8,stabilized
E0308,fire_school,1,8.31,1,night,20,3,1,clear,2,Critical,19,delayed
E0309,heart_attack,1,2.09,3,normal,3,4,1,fog,7,Low,12,stabilized
E0310,fire_house,4,6.51,3,rush_hour,30,4,0,fog,4,Critical,19,delayed
E0311,fire_school,3,2.0,2,normal,35,3,0,clear,2,Critical,10,stabilized
E0312,road_accident,1,0.61,5,normal,3,5,0,clear,5,Low,15,stabilized
E0313,fire_school,4,7.76,5,rush_hour,64,2,1,windy,5,Critical,29,escalated
E0314,fire_school,2,0.69,3,normal,76,5,1,windy,8,Critical,9,stabilized
E0315,gas_leak,2,7.54,2,rush_hour,3,0,1,fog,6,Medium,19,delayed
E0316,minor_injury,3,8.49,4,normal,1,5,0,clear,9,High,28,escalated
E0317,heart_attack,2,9.51,3,normal,4,3,1,windy,8,Medium,27,delayed
E0318,heart_attack,2,13.32,2,normal,4,4,1,windy,1,Medium,30,delayed
E0319,fire_school,1,9.03,1,rush_hour,158,1,0,windy,1,Critical,23,escalated
E0320,fire_school,5,7.4,3,night,99,4,0,windy,10,Critical,20,delayed
E0321,road_accident,1,8.98,5,normal,3,0,0,rain,2,Low,28,delayed
E0322,minor_injury,5,6.18,3,night,1,1,1,clear,2,Critical,22,escalated
E0323,gas_leak,3,0.57,3,rush_hour,3,5,1,fog,3,High,8,stabilized
E0324,road_accident,2,11.86,3,normal,3,2,1,clear,7,Medium,34,delayed
E0325,minor_injury,3,10.04,1,normal,4,5,0,fog,3,High,26,escalated
E0326,road_accident,2,9.64,5,normal,5,1,1,windy,3,Medium,33,delayed
E0327,minor_injury,4,10.19,5,normal,2,2,0,rain,1,Critical,34,escalated
E0328,road_accident,1,10.51,1,night,4,0,1,rain,5,Low,25,delayed
E0329,road_accident,2,10.84,4,rush_hour,4,0,1,clear,6,Medium,29,delayed
E0330,minor_injury,5,2.59,5,normal,1,5,1,rain,2,Critical,15,stabilized
E0331,heart_attack,2,7.94,5,normal,1,2,0,windy,9,Medium,25,delayed
E0332,minor_injury,3,10.16,5,night,2,4,0,clear,1,High,32,escalated
E0333,road_accident,5,3.18,1,normal,5,0,1,fog,4,Critical,9,stabilized
E0334,fire_school,2,9.54,1,normal,146,0,1,fog,9,Critical,26,escalated
E0335,minor_injury,2,14.86,1,normal,5,3,1,clear,3,Medium,36,delayed
E0336,fire_school,1,13.93,5,normal,195,2,1,rain,6,Critical,39,escalated
E0337,minor_injury,3,14.96,5,normal,5,5,1,clear,6,High,39,escalated
E0338,minor_injury,1,6.89,2,normal,3,1,0,clear,6,Low,19,delayed
E0339,gas_leak,1,7.43,4,night,2,2,0,windy,1,Low,26,delayed
E0340,gas_leak,4,12.2,3,rush_hour,4,4,1,rain,10,Critical,33,escalated
E0341,fire_school,2,7.47,2,rush_hour,177,0,0,rain,6,Critical,23,escalated
E0342,heart_attack,2,8.97,4,night,5,0,1,rain,3,Medium,30,delayed
E0343,minor_injury,1,9.88,1,rush_hour,3,5,1,clear,4,Low,22,delayed
E0344,heart_attack,3,4.55,4,night,2,5,1,windy,10,High,18,delayed
E0345,fire_school,5,9.35,3,night,133,5,1,fog,6,Critical,29,escalated
E0346,minor_injury,1,1.9,3,rush_hour,1,0,0,windy,2,Low,11,stabilized
E0347,road_accident,5,9.8,3,rush_hour,4,2,0,fog,3,Critical,27,escalated
E0348,heart_attack,2,13.67,4,normal,3,2,1,fog,3,Medium,35,delayed
E0349,fire_house,1,1.87,5,night,168,1,1,windy,10,Low,15,stabilized
E0350,fire_house,1,3.87,4,normal,62,1,1,clear,6,Low,18,delayed
E0351,heart_attack,2,2.64,5,rush_hour,3,2,0,rain,3,Medium,16,delayed
E0352,fire_house,1,6.03,4,night,163,4,0,clear,9,Low,22,delayed
E0353,heart_attack,5,1.71,1,night,2,2,0,rain,9,Critical,8,stabilized
E0354,fire_house,4,14.79,4,night,126,2,1,clear,10,Critical,38,escalated
E0355,heart_attack,1,12.55,1,normal,1,1,0,fog,3,Low,31,delayed
E0356,heart_attack,3,12.93,2,night,2,1,1,clear,9,High,34,escalated
E0357,heart_attack,5,11.1,2,rush_hour,2,4,1,clear,7,Critical,28,escalated
E0358,road_accident,1,8.62,2,normal,1,5,0,clear,3,Low,25,delayed
E0359,heart_attack,3,10.24,3,rush_hour,5,2,0,clear,2,High,30,escalated
E0360,minor_injury,2,3.8,5,rush_hour,3,3,1,fog,4,Medium,22,delayed
E0361,fire_house,3,3.42,2,night,13,5,1,fog,8,High,13,stabilized
E0362,gas_leak,4,1.66,3,rush_hour,5,0,0,clear,5,Critical,10,stabilized
E0363,minor_injury,2,4.58,3,night,5,5,0,fog,5,Medium,20,delayed
E0364,minor_injury,2,14.45,1,night,1,5,1,rain,7,Medium,30,delayed
E0365,road_accident,1,8.68,4,night,2,3,0,fog,9,Low,25,delayed
E0366,heart_attack,5,10.44,3,night,1,5,1,windy,3,Critical,27,escalated
E0367,fire_house,4,9.25,4,normal,196,5,1,windy,9,Critical,27,escalated
E0368,road_accident,2,8.32,3,normal,1,0,1,windy,5,Medium,22,delayed
E0369,heart_attack,5,14.65,2,night,2,0,0,windy,8,Critical,34,escalated
E0370,minor_injury,3,10.56,2,rush_hour,4,3,0,rain,3,High,30,escalated
E0371,fire_house,1,6.54,4,night,103,5,0,windy,5,Low,26,delayed
E0372,heart_attack,3,7.64,3,night,4,5,0,windy,5,High,21,escalated
E0373,heart_attack,2,4.83,5,rush_hour,1,2,1,fog,1,Medium,24,delayed
E0374,minor_injury,4,14.91,4,normal,3,5,0,fog,8,Critical,37,escalated
E0375,fire_house,5,9.83,2,night,5,3,0,clear,4,Critical,23,escalated
E0376,fire_school,5,8.82,4,rush_hour,159,4,1,clear,3,Critical,29,escalated
E0377,minor_injury,2,14.92,4,night,1,2,0,rain,6,Medium,37,delayed
E0378,gas_leak,1,14.16,1,normal,2,4,1,windy,5,Low,33,delayed
E0379,fire_house,5,7.58,5,normal,156,0,0,windy,9,Critical,26,escalated
E0380,fire_house,2,9.91,4,night,118,4,1,fog,7,Medium,29,delayed
E0381,road_accident,5,11.47,1,night,1,5,0,fog,3,Critical,28,escalated
E0382,road_accident,1,9.85,1,rush_hour,2,4,1,windy,7,Low,26,delayed
E0383,fire_school,4,1.14,3,night,41,0,1,fog,2,Critical,8,stabilized
E0384,minor_injury,2,8.28,1,night,2,1,1,windy,3,Medium,18,delayed
E0385,heart_attack,2,1.64,5,night,2,1,0,clear,3,Medium,15,stabilized
E0386,fire_house,3,4.59,1,night,180,0,0,rain,5,High,13,stabilized
E0387,heart_attack,4,12.36,2,night,2,2,1,rain,3,Critical,29,escalated
E0388,fire_house,3,3.64,3,night,176,5,1,fog,4,High,17,delayed
E0389,road_accident,2,14.77,1,normal,2,0,0,windy,6,Medium,33,delayed
E0390,heart_attack,5,9.64,3,normal,4,0,0,windy,1,Critical,30,escalated
E0391,minor_injury,1,0.74,3,rush_hour,2,0,1,fog,2,Low,12,stabilized
E0392,heart_attack,4,6.57,4,normal,5,2,0,rain,4,Critical,23,escalated
E0393,gas_leak,3,10.86,2,normal,5,2,1,windy,6,High,28,escalated
E0394,fire_house,3,12.79,4,rush_hour,95,4,1,fog,5,High,38,escalated
E0395,heart_attack,1,6.01,5,rush_hour,1,3,1,rain,10,Low,25,delayed
E0396,road_accident,4,10.05,4,normal,1,0,0,fog,7,Critical,30,escalated
E0397,gas_leak,5,13.9,5,normal,1,5,0,rain,1,Critical,41,escalated
E0398,heart_attack,2,3.07,3,rush_hour,3,0,0,windy,10,Medium,13,stabilized
E0399,fire_school,1,6.58,1,night,10,0,0,rain,10,Critical,18,delayed
E0400,fire_house,5,9.66,5,rush_hour,90,2,1,fog,7,Critical,34,escalated
E0401,road_accident,4,6.66,4,normal,5,3,1,rain,6,Critical,25,escalated
E0402,road_accident,1,5.11,3,night,5,3,1,fog,9,Low,17,delayed
E0403,road_accident,2,11.41,1,normal,3,2,0,fog,9,Medium,25,delayed
E0404,road_accident,2,4.0,5,normal,3,3,1,windy,5,Medium,22,delayed
E0405,minor_injury,1,13.15,2,normal,4,4,0,rain,2,Low,34,delayed
E0406,minor_injury,1,13.21,2,normal,1,1,0,rain,3,Low,34,delayed
E0407,heart_attack,4,4.61,5,normal,3,0,0,rain,9,Critical,21,escalated
E0408,heart_attack,5,14.01,5,night,5,2,1,clear,9,Critical,39,escalated
E0409,minor_injury,1,8.68,5,normal,2,2,0,rain,2,Low,30,delayed
E0410,road_accident,2,1.94,1,night,3,2,0,rain,6,Medium,8,stabilized
E0411,minor_injury,1,8.85,2,normal,4,1,1,fog,6,Low,23,delayed
E0412,fire_house,3,9.04,3,night,122,4,0,fog,4,High,24,escalated
E0413,fire_house,2,10.05,1,night,191,2,0,windy,5,Medium,26,delayed
E0414,road_accident,4,12.59,2,normal,4,2,0,clear,6,Critical,32,escalated
E0415,road_accident,3,0.88,5,rush_hour,2,5,1,windy,8,High,12,stabilized
E0416,minor_injury,1,14.64,3,rush_hour,3,5,0,clear,9,Low,35,delayed
E0417,fire_house,5,4.29,2,normal,120,4,0,fog,7,Critical,15,stabilized
E0418,gas_leak,2,10.12,1,normal,1,4,0,windy,3,Medium,26,delayed
E0419,heart_attack,3,8.77,1,night,2,1,1,fog,4,High,19,delayed
E0420,fire_school,3,8.43,2,night,36,3,1,fog,1,Critical,21,escalated
E0421,fire_school,1,12.05,4,night,8,5,1,windy,5,Critical,37,escalated
E0422,heart_attack,1,3.97,1,rush_hour,2,4,0,clear,8,Low,9,stabilized
E0423,fire_house,4,5.21,2,rush_hour,95,3,1,rain,10,Critical,17,delayed
E0424,gas_leak,4,10.47,2,night,4,5,0,clear,9,Critical,28,escalated
E0425,fire_school,4,14.87,1,normal,163,5,0,windy,4,Critical,32,escalated
E0426,road_accident,1,11.17,2,rush_hour,3,2,0,clear,9,Low,29,delayed
E0427,minor_injury,4,4.05,4,night,4,1,1,windy,6,Critical,17,delayed
E0428,gas_leak,1,3.68,2,rush_hour,3,5,1,windy,8,Low,15,stabilized
E0429,fire_school,3,1.8,4,normal,98,2,1,windy,1,Critical,11,stabilized
E0430,fire_house,3,1.04,5,normal,143,1,1,clear,8,High,14,stabilized
E0431,road_accident,1,13.24,2,night,2,3,1,clear,4,Low,33,delayed
E0432,road_accident,2,10.65,3,rush_hour,3,1,1,clear,7,Medium,28,delayed
E0433,minor_injury,3,1.27,1,night,3,3,0,rain,9,High,5,stabilized
E0434,gas_leak,1,11.12,3,night,1,1,1,clear,8,Low,33,delayed
E0435,road_accident,2,6.56,2,rush_hour,1,4,1,windy,9,Medium,18,delayed
E0436,fire_school,1,13.38,1,night,150,3,0,rain,6,Critical,31,escalated
E0437,gas_leak,4,1.84,3,rush_hour,3,0,0,clear,6,Critical,14,stabilized
E0438,road_accident,1,1.39,4,normal,2,0,1,clear,6,Low,15,stabilized
E0439,fire_school,4,9.49,2,rush_hour,122,5,0,fog,3,Critical,25,escalated
E0440,gas_leak,3,9.33,1,rush_hour,1,0,1,rain,1,High,23,escalated
E0441,fire_school,2,8.07,5,rush_hour,22,4,1,windy,2,Critical,26,escalated
E0442,gas_leak,5,2.31,2,rush_hour,5,5,1,clear,7,Critical,10,stabilized
E0443,fire_house,1,5.92,1,rush_hour,193,4,1,clear,6,Low,18,delayed
E0444,minor_injury,2,11.65,2,night,3,2,1,clear,8,Medium,30,delayed
E0445,minor_injury,1,1.1,5,night,1,4,1,windy,4,Low,15,stabilized
E0446,gas_leak,5,14.04,3,rush_hour,4,4,1,fog,7,Critical,34,escalated
E0447,gas_leak,3,13.66,4,night,3,5,0,windy,1,High,39,escalated
E0448,minor_injury,3,3.22,3,rush_hour,1,1,1,windy,3,High,12,stabilized
E0449,fire_school,3,5.61,2,rush_hour,24,4,1,clear,6,Critical,17,delayed
E0450,fire_school,4,7.18,3,night,89,0,1,fog,10,Critical,23,escalated
E0451,fire_house,3,13.1,1,rush_hour,154,0,1,fog,9,High,32,escalated
E0452,fire_house,2,15.0,1,night,169,0,1,windy,9,Medium,34,delayed
E0453,road_accident,3,5.55,1,rush_hour,2,3,0,windy,10,High,18,delayed
E0454,minor_injury,3,1.59,2,night,1,1,1,clear,9,High,8,stabilized
E0455,fire_school,2,11.38,1,rush_hour,104,3,0,fog,3,Critical,26,escalated
E0456,fire_school,3,7.12,5,normal,86,1,1,fog,6,Critical,25,escalated
E0457,road_accident,4,5.55,5,night,1,0,0,fog,6,Critical,23,escalated
E0458,fire_school,5,11.56,2,night,160,1,1,rain,7,Critical,27,escalated
E0459,gas_leak,3,14.21,4,night,3,5,1,clear,3,High,39,escalated
E0460,gas_leak,4,12.33,2,normal,2,2,0,clear,6,Critical,29,escalated
E0461,road_accident,2,3.08,4,normal,4,4,0,fog,5,Medium,14,stabilized
E0462,minor_injury,3,3.29,4,normal,4,0,1,windy,2,High,15,stabilized
E0463,gas_leak,5,14.43,2,rush_hour,5,5,1,fog,2,Critical,33,escalated
E0464,fire_school,4,2.31,2,night,118,2,0,windy,4,Critical,13,stabilized
E0465,fire_school,5,0.52,5,normal,13,5,0,windy,4,Critical,16,delayed
E0466,fire_house,4,11.3,1,normal,159,2,1,fog,10,Critical,26,escalated
E0467,heart_attack,4,11.36,2,night,4,3,0,fog,6,Critical,31,escalated
E0468,road_accident,2,0.83,3,rush_hour,3,5,0,windy,3,Medium,9,stabilized
E0469,fire_house,4,12.09,2,normal,44,0,1,rain,6,Critical,31,escalated
E0470,fire_house,3,12.75,2,night,142,2,0,windy,3,High,31,escalated
E0471,gas_leak,4,2.12,1,rush_hour,5,3,1,clear,5,Critical,8,stabilized
E0472,fire_house,1,5.96,1,rush_hour,41,2,1,rain,1,Low,17,delayed
E0473,road_accident,4,8.92,4,normal,5,3,1,rain,7,Critical,26,escalated
E0474,heart_attack,2,14.92,3,night,2,1,1,rain,1,Medium,35,delayed
E0475,minor_injury,5,11.96,3,rush_hour,1,0,1,fog,8,Critical,32,escalated
E0476,road_accident,4,2.48,1,rush_hour,5,2,0,windy,9,Critical,6,stabilized
E0477,heart_attack,5,10.12,1,normal,5,0,0,rain,1,Critical,22,escalated
E0478,heart_attack,5,5.37,5,night,1,1,0,fog,9,Critical,20,delayed
E0479,road_accident,5,4.87,5,normal,3,1,1,clear,1,Critical,21,escalated
E0480,minor_injury,2,8.65,3,night,3,0,1,clear,2,Medium,23,delayed
E0481,fire_house,2,12.31,2,normal,85,1,1,fog,10,Medium,31,delayed
E0482,minor_injury,5,2.78,5,night,1,4,0,fog,10,Critical,20,delayed
E0483,fire_house,4,8.03,4,night,2,1,1,windy,5,Critical,27,escalated
E0484,gas_leak,5,5.04,1,normal,4,3,1,windy,7,Critical,14,stabilized
E0485,fire_house,2,7.17,2,night,60,0,1,rain,3,Medium,18,delayed
E0486,heart_attack,2,12.84,5,normal,1,2,0,clear,7,Medium,36,delayed
E0487,fire_school,4,8.81,4,normal,79,2,1,windy,3,Critical,29,escalated
E0488,heart_attack,4,4.49,1,rush_hour,1,5,0,windy,10,Critical,13,stabilized
E0489,gas_leak,1,4.96,5,night,5,2,1,clear,6,Low,22,delayed
E0490,heart_attack,2,8.47,3,night,4,1,0,windy,4,Medium,22,delayed
E0491,fire_house,4,7.61,4,normal,64,4,0,rain,8,Critical,27,escalated
E0492,fire_house,1,11.91,2,rush_hour,141,5,1,rain,7,Low,30,delayed
E0493,fire_school,3,11.91,1,rush_hour,189,2,1,fog,10,Critical,29,escalated
E0494,minor_injury,2,3.94,5,normal,3,3,0,fog,5,Medium,22,delayed
E0495,road_accident,5,6.93,4,night,5,2,1,windy,10,Critical,23,escalated
E0496,road_accident,3,14.46,1,rush_hour,3,3,1,rain,2,High,31,escalated
E0497,heart_attack,4,8.71,1,normal,3,4,1,rain,7,Critical,24,escalated
E0498,heart_attack,1,3.64,4,normal,2,4,0,windy,10,Low,20,delayed
E0499,fire_house,4,12.48,1,night,46,2,1,rain,6,Critical,28,escalated
E0500,fire_house,4,6.44,2,normal,133,3,1,clear,5,Critical,17,delayed
E0501,road_accident,1,7.46,1,night,4,0,0,fog,2,Low,18,delayed
E0502,heart_attack,1,4.58,2,night,4,0,1,clear,9,Low,14,stabilized
E0503,road_accident,5,6.8,2,night,3,2,1,windy,5,Critical,20,delayed
E0504,road_accident,4,14.52,5,night,3,1,0,fog,8,Critical,40,escalated
E0505,gas_leak,4,3.6,1,night,3,3,1,fog,3,Critical,14,stabilized
E0506,fire_school,5,13.33,2,rush_hour,165,1,0,windy,9,Critical,31,escalated
E0507,road_accident,3,13.98,1,night,1,4,1,fog,6,High,30,escalated
E0508,fire_school,4,11.92,3,night,75,4,0,fog,4,Critical,34,escalated
E0509,heart_attack,4,12.77,4,night,4,0,0,rain,3,Critical,37,escalated
E0510,gas_leak,2,2.37,5,night,4,3,1,windy,5,Medium,17,delayed
E0511,minor_injury,4,4.58,5,night,4,4,1,rain,5,Critical,20,delayed
E0512,road_accident,2,1.46,4,rush_hour,4,1,0,windy,9,Medium,10,stabilized
E0513,gas_leak,5,7.18,2,normal,5,3,1,rain,3,Critical,22,escalated
E0514,gas_leak,2,9.65,1,normal,3,5,1,rain,3,Medium,26,delayed
E0515,road_accident,2,2.11,5,rush_hour,2,5,1,windy,7,Medium,14,stabilized
E0516,fire_house,1,7.74,2,night,141,0,0,clear,7,Low,23,delayed
E0517,road_accident,3,3.21,2,rush_hour,1,5,1,rain,3,High,12,stabilized
E0518,fire_house,1,3.09,3,night,138,1,0,windy,3,Low,14,stabilized
E0519,minor_injury,1,5.93,3,rush_hour,4,2,1,fog,5,Low,18,delayed
E0520,fire_house,5,8.39,3,night,11,2,0,rain,4,Critical,27,escalated
E0521,road_accident,5,3.16,5,night,2,1,1,rain,4,Critical,19,delayed
E0522,fire_school,1,10.31,2,rush_hour,130,2,1,windy,10,Critical,28,escalated
E0523,road_accident,3,10.64,3,rush_hour,2,5,1,fog,5,High,31,escalated
E0524,gas_leak,3,0.5,2,rush_hour,1,4,0,fog,3,High,8,stabilized
E0525,heart_attack,4,5.4,5,night,5,0,0,windy,10,Critical,24,escalated
E0526,minor_injury,2,4.25,5,rush_hour,4,2,0,fog,5,Medium,19,delayed
E0527,fire_house,3,8.46,3,night,153,4,1,rain,9,High,24,escalated
E0528,fire_school,2,4.27,5,rush_hour,52,1,0,fog,10,Critical,20,delayed
E0529,heart_attack,4,6.5,1,night,1,2,1,rain,3,Critical,20,delayed
E0530,gas_leak,5,4.47,2,rush_hour,3,2,1,fog,3,Critical,12,stabilized
E0531,road_accident,1,8.91,1,night,4,4,1,clear,5,Low,24,delayed
E0532,heart_attack,1,2.53,5,rush_hour,5,5,1,rain,5,Low,18,delayed
E0533,heart_attack,2,11.04,1,night,1,0,0,windy,1,Medium,28,delayed
E0534,road_accident,1,0.67,5,normal,3,1,1,clear,4,Low,15,stabilized
E0535,road_accident,1,2.64,2,night,2,4,1,rain,10,Low,12,stabilized
E0536,fire_school,4,10.26,2,rush_hour,68,1,1,clear,1,Critical,25,escalated
E0537,fire_house,2,0.65,2,normal,121,0,1,windy,10,Medium,5,stabilized
E0538,gas_leak,5,5.1,2,rush_hour,2,5,1,fog,9,Critical,17,delayed
E0539,minor_injury,1,10.03,5,night,2,2,1,rain,7,Low,33,delayed
E0540,minor_injury,3,2.25,1,normal,4,1,1,fog,8,High,10,stabilized
E0541,fire_school,4,3.04,1,night,26,0,1,windy,7,Critical,9,stabilized
E0542,minor_injury,3,1.63,5,rush_hour,1,5,1,fog,10,High,13,stabilized
E0543,road_accident,2,1.12,1,rush_hour,1,3,0,clear,10,Medium,4,stabilized
E0544,road_accident,1,7.67,2,night,5,1,0,windy,8,Low,19,delayed
E0545,fire_school,1,4.16,2,normal,80,1,0,fog,3,Critical,13,stabilized
E0546,road_accident,4,12.17,4,night,1,4,0,windy,10,Critical,33,escalated
E0547,road_accident,2,1.66,5,night,1,5,0,fog,1,Medium,15,stabilized
E0548,heart_attack,4,14.97,3,normal,1,5,0,clear,8,Critical,38,escalated
E0549,road_accident,3,0.53,4,normal,3,3,1,rain,6,High,13,stabilized
E0550,gas_leak,5,13.97,2,night,1,5,1,clear,10,Critical,35,escalated
E0551,gas_leak,5,4.9,4,normal,5,3,1,windy,5,Critical,20,delayed
E0552,road_accident,3,13.74,5,night,4,1,0,windy,8,High,41,escalated
E0553,fire_school,5,10.77,5,normal,95,2,0,clear,6,Critical,31,escalated
E0554,minor_injury,2,12.76,3,rush_hour,1,0,1,fog,9,Medium,32,delayed
E0555,gas_leak,1,14.17,1,night,5,0,0,rain,4,Low,34,delayed
E0556,fire_school,3,12.71,5,normal,16,5,0,fog,5,Critical,39,escalated
E0557,heart_attack,5,13.13,1,rush_hour,2,2,0,clear,2,Critical,33,escalated
E0558,heart_attack,5,7.44,1,rush_hour,3,1,0,fog,10,Critical,20,delayed
E0559,gas_leak,1,3.11,4,normal,2,2,0,windy,1,Low,18,delayed
E0560,road_accident,2,1.53,2,night,4,1,1,fog,5,Medium,10,stabilized
E0561,fire_house,4,4.48,5,normal,107,1,0,clear,4,Critical,19,delayed
E0562,gas_leak,2,13.67,5,normal,3,2,0,fog,4,Medium,41,delayed
E0563,road_accident,3,9.28,2,normal,3,2,0,rain,7,High,24,escalated
E0564,fire_school,3,8.92,5,night,95,0,0,fog,5,Critical,31,escalated
E0565,minor_injury,1,11.52,1,night,3,0,1,windy,4,Low,25,delayed
E0566,fire_house,5,4.95,4,rush_hour,10,0,0,clear,8,Critical,18,delayed
E0567,gas_leak,4,2.93,4,normal,3,2,0,rain,1,Critical,18,delayed
E0568,road_accident,5,2.79,4,night,4,0,0,fog,3,Critical,14,stabilized
E0569,minor_injury,1,2.62,2,rush_hour,5,0,0,windy,10,Low,14,stabilized
E0570,fire_house,5,4.33,5,normal,117,4,0,rain,9,Critical,22,escalated
E0571,road_accident,4,13.68,4,rush_hour,3,3,0,rain,1,Critical,40,escalated
E0572,road_accident,1,2.76,1,night,1,5,1,clear,9,Low,10,stabilized
E0573,minor_injury,5,5.67,2,night,2,3,0,clear,5,Critical,16,delayed
E0574,fire_school,2,2.51,4,normal,83,0,0,fog,7,Critical,15,stabilized
E0575,fire_house,1,8.18,1,night,97,4,0,windy,10,Low,22,delayed
E0576,minor_injury,3,5.7,5,rush_hour,3,0,0,clear,9,High,24,escalated
E0577,road_accident,3,14.21,1,rush_hour,3,1,1,fog,9,High,33,escalated
E0578,road_accident,5,12.1,5,normal,3,5,0,fog,5,Critical,38,escalated
E0579,heart_attack,1,8.92,3,rush_hour,5,0,1,clear,5,Low,24,delayed
E0580,fire_house,3,12.96,2,night,122,4,0,fog,7,High,32,escalated
E0581,fire_school,2,2.06,5,rush_hour,26,2,1,rain,2,Critical,16,delayed
E0582,road_accident,5,5.32,2,rush_hour,1,1,1,fog,7,Critical,14,stabilized
E0583,fire_house,4,11.28,4,rush_hour,141,0,1,clear,2,Critical,35,escalated
E0584,gas_leak,5,3.9,3,night,5,0,1,windy,1,Critical,13,stabilized
E0585,minor_injury,1,11.36,4,night,1,5,1,fog,2,Low,35,delayed
E0586,minor_injury,3,10.97,3,night,2,2,0,fog,9,High,29,escalated
E0587,fire_house,1,2.54,5,night,152,0,0,windy,10,Low,17,delayed
E0588,road_accident,4,3.96,3,night,2,4,0,clear,5,Critical,16,delayed
E0589,fire_house,1,2.39,4,night,65,2,1,clear,1,Low,14,stabilized
E0590,gas_leak,2,12.77,1,rush_hour,4,2,0,clear,2,Medium,27,delayed
E0591,gas_leak,1,6.49,4,night,3,2,1,windy,3,Low,24,delayed
E0592,heart_attack,1,10.12,3,night,5,1,0,fog,1,Low,27,delayed
E0593,fire_school,2,3.09,1,normal,134,1,1,rain,2,Critical,8,stabilized
E0594,fire_school,2,10.72,2,night,186,5,1,fog,2,Critical,25,escalated
E0595,minor_injury,4,4.52,3,normal,5,2,1,clear,9,Critical,18,delayed
E0596,fire_school,2,9.22,1,rush_hour,75,3,0,fog,10,Critical,24,escalated
E0597,fire_house,2,10.18,4,normal,51,2,0,rain,6,Medium,28,delayed
E0598,heart_attack,3,9.79,3,rush_hour,1,4,0,rain,2,High,30,escalated
E0599,heart_attack,5,5.16,3,normal,1,1,1,rain,7,Critical,17,delayed
E0600,gas_leak,2,10.51,3,normal,5,3,1,fog,3,Medium,32,delayed
E0601,minor_injury,5,14.85,1,rush_hour,2,1,1,fog,9,Critical,33,escalated
E0602,gas_leak,5,13.29,4,rush_hour,4,4,0,fog,3,Critical,35,escalated
E0603,minor_injury,4,13.22,5,normal,3,4,0,fog,2,Critical,36,escalated
E0604,fire_house,3,1.7,1,normal,29,5,0,clear,3,High,6,stabilized
E0605,fire_house,2,5.11,5,normal,111,3,1,windy,6,Medium,21,delayed
E0606,road_accident,3,7.34,3,normal,4,3,1,windy,1,High,22,escalated
E0607,fire_school,4,1.07,2,normal,50,0,0,rain,1,Critical,9,stabilized
E0608,minor_injury,2,4.83,2,rush_hour,5,1,0,fog,8,Medium,15,stabilized
E0609,minor_injury,4,2.96,3,rush_hour,1,3,0,windy,10,Critical,12,stabilized
E0610,gas_leak,4,6.57,4,night,1,0,0,rain,6,Critical,23,escalated
E0611,fire_school,5,8.97,4,normal,154,2,0,rain,6,Critical,26,escalated
E0612,fire_house,2,6.3,5,rush_hour,142,3,1,clear,8,Medium,26,delayed
E0613,heart_attack,2,2.22,4,night,3,1,1,fog,1,Medium,17,delayed
E0614,fire_house,5,4.53,1,normal,163,1,1,rain,6,Critical,12,stabilized
E0615,minor_injury,1,14.33,4,night,2,0,0,fog,3,Low,40,delayed
E0616,gas_leak,4,6.52,2,night,2,0,1,clear,6,Critical,20,delayed
E0617,minor_injury,2,3.07,4,rush_hour,1,2,1,fog,3,Medium,16,delayed
E0618,heart_attack,3,5.76,1,night,5,5,1,windy,4,High,13,stabilized
E0619,road_accident,1,8.98,3,normal,1,2,1,fog,6,Low,24,delayed
E0620,fire_school,2,2.0,5,normal,142,5,1,windy,1,Critical,18,delayed
E0621,road_accident,4,5.99,5,normal,5,3,1,clear,6,Critical,26,escalated
E0622,fire_house,4,7.43,5,rush_hour,199,2,1,clear,7,Critical,28,escalated
E0623,fire_school,4,13.46,1,normal,135,2,0,fog,10,Critical,32,escalated
E0624,heart_attack,3,14.72,5,night,5,1,1,fog,5,High,40,escalated
E0625,gas_leak,3,11.77,3,night,2,4,1,windy,3,High,32,escalated
E0626,gas_leak,2,10.74,5,normal,3,1,1,windy,1,Medium,33,delayed
E0627,fire_school,4,3.24,3,rush_hour,12,5,0,fog,2,Critical,15,stabilized
E0628,fire_school,4,5.65,2,night,169,2,0,rain,4,Critical,15,stabilized
E0629,fire_house,1,13.71,4,normal,14,0,1,clear,6,Low,35,delayed
E0630,gas_leak,2,5.18,5,rush_hour,2,3,1,clear,10,Medium,23,delayed
E0631,fire_house,1,3.52,4,normal,193,2,0,clear,10,Low,15,stabilized
E0632,fire_house,1,5.62,2,rush_hour,195,5,0,rain,9,Low,19,delayed
E0633,road_accident,2,13.33,3,rush_hour,5,3,1,clear,8,Medium,35,delayed
E0634,fire_school,3,5.5,4,rush_hour,32,5,1,clear,4,Critical,22,escalated
E0635,gas_leak,2,3.44,3,night,3,3,0,windy,10,Medium,17,delayed
E0636,fire_house,4,9.08,1,normal,79,3,0,clear,5,Critical,20,delayed
E0637,gas_leak,5,5.08,5,normal,1,0,0,clear,9,Critical,22,escalated
E0638,fire_house,1,5.98,1,normal,42,1,1,clear,5,Low,14,stabilized
E0639,heart_attack,2,5.12,3,rush_hour,3,5,0,windy,6,Medium,17,delayed
E0640,road_accident,4,1.54,2,night,3,1,0,clear,5,Critical,7,stabilized
E0641,fire_house,3,11.62,5,normal,114,3,0,rain,1,High,36,escalated
E0642,gas_leak,3,11.65,4,rush_hour,1,2,1,rain,8,High,34,escalated
E0643,road_accident,1,0.94,3,rush_hour,3,1,0,rain,6,Low,11,stabilized
E0644,gas_leak,2,11.1,2,normal,1,1,0,clear,5,Medium,30,delayed
E0645,fire_house,3,14.1,2,rush_hour,66,5,0,fog,8,High,35,escalated
E0646,road_accident,5,12.41,5,night,2,4,1,clear,6,Critical,37,escalated
E0647,fire_house,5,2.94,2,rush_hour,55,4,0,windy,2,Critical,9,stabilized
E0648,minor_injury,2,14.27,4,normal,4,2,0,clear,9,Medium,36,delayed
E0649,fire_school,1,3.74,3,rush_hour,44,5,1,fog,6,Critical,18,delayed
E0650,heart_attack,4,1.71,5,rush_hour,3,4,0,clear,10,Critical,16,delayed
E0651,fire_house,5,5.47,5,night,60,1,0,rain,3,Critical,20,delayed
E0652,fire_school,1,6.38,5,night,60,5,1,windy,4,Critical,24,escalated
E0653,heart_attack,3,6.5,5,night,2,4,1,rain,8,High,24,escalated
E0654,fire_school,1,1.14,3,rush_hour,137,3,0,fog,7,Critical,11,stabilized
E0655,gas_leak,4,1.38,1,normal,3,5,0,fog,4,Critical,7,stabilized
E0656,fire_house,1,7.02,3,night,132,2,1,windy,3,Low,23,delayed
E0657,gas_leak,5,11.9,2,rush_hour,2,3,1,fog,3,Critical,28,escalated
E0658,gas_leak,4,5.53,3,night,4,4,0,clear,2,Critical,22,escalated
E0659,heart_attack,2,14.88,5,normal,3,2,1,rain,7,Medium,39,delayed
E0660,heart_attack,2,14.78,4,normal,3,0,1,rain,10,Medium,39,delayed
E0661,fire_house,3,12.07,1,normal,55,2,1,clear,4,High,30,escalated
E0662,fire_house,2,5.42,3,rush_hour,152,5,1,rain,7,Medium,21,delayed
E0663,fire_school,3,1.8,1,night,6,5,1,rain,1,Critical,5,stabilized
E0664,heart_attack,1,13.49,1,rush_hour,4,3,0,windy,5,Low,33,delayed
E0665,road_accident,1,3.07,1,rush_hour,2,4,0,clear,2,Low,12,stabilized
E0666,fire_school,5,13.83,1,normal,159,2,0,clear,1,Critical,32,escalated
E0667,fire_school,5,7.49,3,night,27,1,0,windy,2,Critical,23,escalated
E0668,fire_school,2,11.49,1,normal,83,0,0,windy,9,Critical,26,escalated
E0669,gas_leak,3,2.98,4,rush_hour,2,3,1,fog,1,High,13,stabilized
E0670,road_accident,4,10.24,1,normal,4,4,1,clear,4,Critical,27,escalated
E0671,gas_leak,4,14.34,4,rush_hour,3,1,0,clear,7,Critical,41,escalated
E0672,heart_attack,5,6.18,3,normal,1,1,1,rain,9,Critical,22,escalated
E0673,gas_leak,2,1.3,1,rush_hour,5,2,1,windy,8,Medium,8,stabilized
E0674,fire_school,1,11.94,3,rush_hour,151,5,1,fog,10,Critical,31,escalated
E0675,fire_school,2,8.1,3,normal,45,4,1,windy,1,Critical,26,escalated
E0676,heart_attack,5,13.91,4,normal,1,2,1,clear,4,Critical,40,escalated
E0677,minor_injury,4,2.65,2,night,3,4,1,windy,8,Critical,10,stabilized
E0678,fire_school,2,8.67,4,night,142,5,1,clear,3,Critical,25,escalated
E0679,fire_house,5,12.66,1,rush_hour,86,0,0,rain,8,Critical,27,escalated
E0680,fire_school,2,2.52,1,rush_hour,20,4,0,rain,3,Critical,9,stabilized
E0681,heart_attack,5,12.73,4,normal,2,3,1,fog,3,Critical,33,escalated
E0682,gas_leak,2,9.03,5,night,4,0,0,clear,10,Medium,28,delayed
E0683,minor_injury,2,9.27,2,normal,5,1,1,windy,7,Medium,23,delayed
E0684,fire_house,4,9.16,4,rush_hour,93,1,0,rain,2,Critical,26,escalated
E0685,heart_attack,1,8.95,4,rush_hour,4,4,1,windy,4,Low,25,delayed
E0686,minor_injury,4,5.16,4,normal,1,2,1,fog,4,Critical,19,delayed
E0687,minor_injury,5,12.97,3,normal,1,5,0,rain,5,Critical,36,escalated
E0688,gas_leak,3,4.41,1,night,3,4,1,rain,2,High,13,stabilized
E0689,fire_school,5,12.61,5,night,194,3,1,fog,3,Critical,39,escalated
E0690,fire_school,1,5.51,2,normal,157,4,1,clear,8,Critical,15,stabilized
E0691,heart_attack,4,0.95,1,normal,5,0,1,windy,10,Critical,3,stabilized
E0692,gas_leak,3,0.73,3,normal,1,0,0,clear,1,High,8,stabilized
E0693,fire_house,3,13.17,3,rush_hour,128,1,1,fog,6,High,34,escalated
E0694,minor_injury,4,6.68,2,night,4,2,0,clear,7,Critical,21,escalated
E0695,road_accident,1,9.08,5,rush_hour,4,2,0,windy,8,Low,28,delayed
E0696,fire_house,1,12.54,3,normal,150,1,0,rain,6,Low,31,delayed
E0697,heart_attack,4,5.11,2,normal,1,5,0,rain,5,Critical,15,stabilized
E0698,heart_attack,1,6.95,5,rush_hour,5,1,0,windy,5,Low,24,delayed
E0699,fire_school,3,2.81,2,rush_hour,23,5,1,windy,8,Critical,11,stabilized
E0700,minor_injury,3,8.77,1,night,3,1,0,fog,5,High,21,escalated
E0701,gas_leak,4,2.31,2,normal,4,4,1,rain,3,Critical,8,stabilized
E0702,fire_school,3,10.01,2,night,198,2,1,rain,9,Critical,24,escalated
E0703,road_accident,2,7.65,1,normal,2,1,0,clear,9,Medium,17,delayed
E0704,minor_injury,1,6.06,2,night,5,5,0,rain,5,Low,17,delayed
E0705,heart_attack,4,9.15,4,normal,3,5,1,windy,2,Critical,29,escalated
E0706,gas_leak,2,0.68,5,normal,5,1,0,windy,7,Medium,14,stabilized
E0707,heart_attack,1,5.64,1,normal,3,2,0,clear,5,Low,18,delayed
E0708,fire_house,1,8.04,5,rush_hour,167,5,0,rain,6,Low,30,delayed
E0709,gas_leak,4,3.06,1,rush_hour,1,1,0,windy,1,Critical,10,stabilized
E0710,heart_attack,4,3.74,5,normal,2,5,0,clear,2,Critical,22,escalated
E0711,road_accident,1,13.04,3,night,5,3,0,clear,10,Low,34,delayed
E0712,minor_injury,2,6.96,3,rush_hour,4,4,1,windy,4,Medium,20,delayed
E0713,road_accident,4,14.17,5,normal,4,1,0,fog,9,Critical,41,escalated
E0714,heart_attack,5,8.14,1,night,3,0,1,rain,1,Critical,19,delayed
E0715,fire_school,2,3.05,5,normal,38,3,0,windy,1,Critical,19,delayed
E0716,fire_school,3,13.82,1,night,104,1,1,windy,2,Critical,34,escalated
E0717,minor_injury,3,14.15,5,rush_hour,4,0,1,windy,5,High,39,escalated
E0718,heart_attack,2,7.06,1,normal,1,3,1,fog,10,Medium,16,delayed
E0719,fire_house,1,1.91,3,normal,130,5,1,rain,8,Low,14,stabilized
E0720,minor_injury,1,11.47,1,rush_hour,3,4,1,windy,5,Low,29,delayed
E0721,gas_leak,3,7.82,4,normal,4,0,0,fog,9,High,28,escalated
E0722,road_accident,2,8.28,2,normal,2,3,1,rain,5,Medium,23,delayed
E0723,road_accident,5,5.07,5,normal,4,2,1,windy,2,Critical,23,escalated
E0724,minor_injury,2,1.83,1,normal,3,2,1,fog,2,Medium,8,stabilized
E0725,fire_school,4,5.2,3,normal,123,2,1,clear,10,Critical,17,delayed
E0726,fire_house,4,11.69,3,rush_hour,124,4,0,fog,6,Critical,30,escalated
E0727,road_accident,2,0.97,3,normal,5,4,1,windy,6,Medium,11,stabilized
E0728,gas_leak,5,6.08,3,normal,4,3,1,clear,10,Critical,23,escalated
E0729,minor_injury,1,8.39,3,normal,1,1,1,clear,9,Low,26,delayed
E0730,road_accident,1,9.2,2,rush_hour,1,1,0,rain,2,Low,27,delayed
E0731,fire_school,4,8.8,2,normal,25,2,1,windy,7,Critical,25,escalated
E0732,minor_injury,5,2.55,4,night,3,2,0,fog,3,Critical,16,delayed
E0733,fire_house,2,1.69,1,rush_hour,42,0,1,rain,2,Medium,5,stabilized
E0734,gas_leak,3,8.86,1,night,2,4,1,clear,3,High,24,escalated
E0735,fire_school,5,13.3,5,night,170,3,1,clear,10,Critical,36,escalated
E0736,minor_injury,1,14.58,4,night,3,5,1,fog,4,Low,39,delayed
E0737,minor_injury,4,11.81,4,normal,5,1,0,fog,9,Critical,31,escalated
E0738,heart_attack,1,7.25,4,night,4,4,0,fog,7,Low,27,delayed
E0739,fire_house,2,8.49,3,normal,178,0,1,rain,10,Medium,22,delayed
E0740,gas_leak,1,7.64,3,rush_hour,3,1,1,fog,5,Low,26,delayed
E0741,road_accident,5,14.3,2,normal,2,3,1,rain,3,Critical,37,escalated
E0742,gas_leak,3,2.0,3,rush_hour,3,4,0,windy,1,High,11,stabilized
E0743,fire_house,4,2.04,2,rush_hour,70,4,0,rain,6,Critical,8,stabilized
E0744,fire_house,4,1.82,5,night,32,0,0,windy,4,Critical,13,stabilized
E0745,fire_house,5,6.99,4,rush_hour,31,5,1,windy,8,Critical,26,escalated
E0746,minor_injury,3,13.63,3,night,4,5,1,windy,10,High,34,escalated
E0747,fire_school,2,5.99,1,normal,195,3,1,fog,4,Critical,13,stabilized
E0748,heart_attack,1,12.02,4,night,4,1,1,rain,2,Low,37,delayed
E0749,minor_injury,3,6.6,4,rush_hour,2,0,1,rain,3,High,26,escalated
E0750,minor_injury,2,6.46,1,normal,2,5,1,clear,3,Medium,15,stabilized
E0751,fire_school,3,14.68,5,rush_hour,54,4,0,rain,7,Critical,42,escalated
E0752,fire_house,1,2.07,1,night,175,4,1,rain,9,Low,7,stabilized
E0753,gas_leak,3,6.62,2,rush_hour,4,4,1,fog,7,High,20,delayed
E0754,gas_leak,3,3.91,1,normal,5,5,1,windy,2,High,12,stabilized
E0755,fire_school,2,6.29,1,night,100,3,1,fog,6,Critical,16,delayed
E0756,gas_leak,1,13.99,4,rush_hour,2,5,1,rain,3,Low,39,delayed
E0757,minor_injury,4,14.29,3,night,2,1,0,clear,7,Critical,39,escalated
E0758,road_accident,1,5.24,4,normal,3,1,0,clear,3,Low,20,delayed
E0759,fire_school,5,11.0,1,normal,180,1,1,clear,5,Critical,27,escalated
E0760,gas_leak,4,4.21,4,rush_hour,4,2,1,rain,5,Critical,20,delayed
E0761,gas_leak,5,12.68,3,night,5,4,1,windy,6,Critical,31,escalated
E0762,heart_attack,2,7.86,4,normal,3,2,0,windy,8,Medium,24,delayed
E0763,heart_attack,3,13.85,2,rush_hour,5,2,1,windy,1,High,35,escalated
E0764,fire_house,1,6.44,2,night,52,2,0,windy,8,Low,21,delayed
E0765,fire_house,5,0.79,5,rush_hour,3,4,1,clear,4,Critical,14,stabilized
E0766,road_accident,5,8.54,3,night,5,1,0,windy,6,Critical,24,escalated
E0767,heart_attack,5,7.95,1,night,2,5,0,fog,7,Critical,21,escalated
E0768,heart_attack,2,6.19,4,rush_hour,3,3,0,clear,8,Medium,25,delayed
E0769,fire_school,2,2.14,3,rush_hour,177,0,1,windy,6,Critical,11,stabilized
E0770,road_accident,5,8.22,1,night,4,3,1,clear,2,Critical,22,escalated
E0771,road_accident,1,14.84,1,normal,5,3,1,windy,5,Low,31,delayed
E0772,fire_house,2,5.41,2,night,141,2,0,rain,10,Medium,19,delayed
E0773,fire_school,5,1.35,3,night,12,5,0,windy,9,Critical,9,stabilized
E0774,fire_house,3,12.27,4,night,29,0,1,windy,1,High,37,escalated
E0775,gas_leak,1,12.05,4,night,3,5,1,fog,7,Low,33,delayed
E0776,road_accident,5,11.17,5,rush_hour,5,3,1,rain,1,Critical,36,escalated
E0777,heart_attack,2,12.81,3,night,3,0,0,windy,4,Medium,32,delayed
E0778,fire_school,1,11.36,2,normal,60,3,1,fog,10,Critical,31,escalated
E0779,road_accident,3,13.05,1,normal,4,4,1,fog,4,High,32,escalated
E0780,minor_injury,1,7.34,1,normal,2,2,1,rain,8,Low,16,delayed
E0781,fire_house,3,9.59,2,night,170,4,1,clear,6,High,27,escalated
E0782,minor_injury,1,11.23,3,night,5,2,0,windy,10,Low,29,delayed
E0783,road_accident,4,6.07,2,normal,3,3,1,windy,3,Critical,19,delayed
E0784,fire_school,5,12.59,5,normal,100,0,1,fog,8,Critical,36,escalated
E0785,heart_attack,4,1.17,5,night,2,2,0,clear,3,Critical,12,stabilized
E0786,gas_leak,5,9.81,4,rush_hour,4,4,0,windy,1,Critical,27,escalated
E0787,road_accident,1,4.98,2,rush_hour,3,4,0,windy,7,Low,18,delayed
E0788,fire_house,4,4.05,2,normal,74,1,1,clear,5,Critical,12,stabilized
E0789,fire_house,2,9.22,5,rush_hour,34,0,0,clear,8,Medium,30,delayed
E0790,fire_school,3,1.67,1,night,165,2,1,fog,2,Critical,7,stabilized
E0791,heart_attack,3,2.11,2,night,2,1,0,rain,3,High,10,stabilized
E0792,minor_injury,3,2.34,5,normal,5,2,0,rain,3,High,17,delayed
E0793,road_accident,2,4.15,4,normal,3,4,1,clear,3,Medium,16,delayed
E0794,minor_injury,1,9.2,4,night,1,3,1,rain,2,Low,29,delayed
E0795,heart_attack,4,9.34,1,normal,2,3,0,clear,1,Critical,25,escalated
E0796,minor_injury,1,14.43,1,rush_hour,1,4,0,fog,6,Low,30,delayed
E0797,road_accident,3,0.69,5,night,5,0,0,rain,2,High,16,delayed
E0798,road_accident,1,13.8,3,normal,2,1,1,windy,5,Low,38,delayed
E0799,fire_school,3,14.68,2,night,71,0,1,clear,8,Critical,35,escalated
E0800,road_accident,4,14.88,1,normal,4,1,1,fog,10,Critical,32,escalated
E0801,minor_injury,1,13.65,3,normal,2,3,0,rain,1,Low,37,delayed
E0802,gas_leak,5,3.22,4,normal,1,1,1,clear,1,Critical,16,delayed
E0803,fire_house,5,14.83,2,rush_hour,82,2,1,clear,1,Critical,33,escalated
E0804,fire_school,1,7.88,3,normal,10,2,0,fog,1,Critical,22,escalated
E0805,fire_school,5,2.95,1,normal,92,0,0,clear,8,Critical,8,stabilized
E0806,fire_school,1,14.26,3,night,41,2,0,windy,6,Critical,38,escalated
E0807,minor_injury,4,1.47,2,normal,3,1,1,rain,2,Critical,9,stabilized
E0808,fire_school,2,3.14,5,night,179,5,0,windy,9,Critical,17,delayed
E0809,fire_house,4,13.22,1,night,29,3,1,windy,1,Critical,28,escalated
E0810,fire_school,3,5.65,5,normal,163,1,0,fog,4,Critical,21,escalated
E0811,gas_leak,4,12.84,4,night,2,3,1,clear,9,Critical,37,escalated
E0812,road_accident,3,2.0,3,rush_hour,5,2,0,windy,1,High,14,stabilized
E0813,gas_leak,1,7.92,1,normal,4,5,0,windy,8,Low,20,delayed
E0814,fire_school,5,4.92,4,normal,119,1,1,fog,5,Critical,18,delayed
E0815,gas_leak,5,6.05,4,night,4,0,1,rain,10,Critical,24,escalated
E0816,road_accident,2,3.73,2,normal,1,0,0,clear,8,Medium,15,stabilized
E0817,fire_house,2,5.76,3,night,120,5,1,clear,9,Medium,22,delayed
E0818,gas_leak,2,9.44,4,normal,2,5,1,windy,5,Medium,29,delayed
E0819,heart_attack,4,3.28,4,night,5,2,1,clear,4,Critical,14,stabilized
E0820,fire_school,5,2.95,5,rush_hour,193,0,1,rain,7,Critical,15,stabilized
E0821,minor_injury,4,8.58,1,night,4,0,0,fog,10,Critical,20,delayed
E0822,road_accident,1,0.72,1,night,4,4,0,fog,10,Low,7,stabilized
E0823,heart_attack,1,6.69,4,night,3,4,1,fog,10,Low,23,delayed
E0824,road_accident,5,11.56,5,night,4,5,0,rain,2,Critical,36,escalated
E0825,fire_house,3,8.21,3,rush_hour,1,3,0,fog,9,High,27,escalated
E0826,fire_school,2,12.31,5,normal,134,4,0,windy,1,Critical,34,escalated
E0827,road_accident,5,5.69,5,normal,5,4,1,rain,5,Critical,26,escalated
E0828,heart_attack,5,6.12,1,rush_hour,4,3,1,fog,2,Critical,17,delayed
E0829,road_accident,1,12.82,5,night,4,3,0,clear,8,Low,37,delayed
E0830,road_accident,1,2.71,1,night,1,0,1,clear,1,Low,7,stabilized
E0831,heart_attack,5,6.13,3,normal,4,2,1,rain,6,Critical,18,delayed
E0832,gas_leak,1,8.4,3,rush_hour,1,2,1,fog,5,Low,22,delayed
E0833,minor_injury,1,8.58,5,normal,2,2,0,rain,7,Low,29,delayed
E0834,fire_school,3,5.46,3,rush_hour,62,5,0,windy,2,Critical,16,delayed
E0835,fire_school,4,9.95,1,normal,141,1,1,rain,3,Critical,26,escalated
E0836,minor_injury,4,3.35,5,normal,1,1,0,clear,6,Critical,19,delayed
E0837,gas_leak,1,10.83,1,normal,2,2,0,clear,6,Low,25,delayed
E0838,heart_attack,2,5.02,5,rush_hour,2,3,0,rain,9,Medium,23,delayed
E0839,road_accident,1,6.68,1,normal,5,3,1,rain,3,Low,19,delayed
E0840,heart_attack,1,12.54,4,normal,2,0,0,clear,5,Low,38,delayed
E0841,gas_leak,4,12.38,2,normal,1,0,1,windy,1,Critical,33,escalated
E0842,fire_school,4,13.01,5,rush_hour,17,1,0,fog,7,Critical,41,escalated
E0843,fire_house,3,12.19,3,normal,194,4,1,clear,6,High,33,escalated
E0844,gas_leak,1,7.82,3,rush_hour,3,2,0,clear,4,Low,24,delayed
E0845,minor_injury,5,2.23,4,night,2,1,0,windy,6,Critical,15,stabilized
E0846,heart_attack,3,4.5,3,normal,4,0,1,clear,1,High,20,delayed
E0847,gas_leak,2,4.38,4,normal,5,4,1,clear,2,Medium,16,delayed
E0848,fire_house,3,11.13,2,normal,190,5,1,windy,10,High,26,escalated
E0849,heart_attack,1,10.15,2,night,5,2,0,windy,4,Low,28,delayed
E0850,fire_house,3,12.17,1,rush_hour,119,2,0,rain,4,High,27,escalated
E0851,gas_leak,3,4.4,2,night,4,0,1,windy,10,High,15,stabilized
E0852,gas_leak,4,3.39,3,night,1,5,0,windy,10,Critical,15,stabilized
E0853,heart_attack,1,12.78,5,rush_hour,1,0,1,rain,10,Low,35,delayed
E0854,fire_school,1,6.74,1,rush_hour,94,3,1,clear,4,Critical,18,delayed
E0855,heart_attack,4,14.48,2,normal,5,3,0,clear,3,Critical,37,escalated
E0856,fire_house,1,7.8,3,rush_hour,187,0,1,rain,9,Low,25,delayed
E0857,heart_attack,1,9.47,5,rush_hour,3,4,0,fog,9,Low,31,delayed
E0858,fire_school,5,7.9,3,night,165,0,1,rain,4,Critical,23,escalated
E0859,fire_house,4,7.29,2,night,194,3,1,fog,8,Critical,19,delayed
E0860,gas_leak,3,4.38,3,rush_hour,2,4,0,rain,2,High,17,delayed
E0861,fire_school,1,10.08,3,rush_hour,106,4,1,windy,10,Critical,26,escalated
E0862,minor_injury,1,3.86,3,night,5,2,1,clear,8,Low,13,stabilized
E0863,gas_leak,1,12.15,1,night,1,0,0,clear,1,Low,28,delayed
E0864,heart_attack,4,9.64,4,rush_hour,3,1,1,windy,8,Critical,27,escalated
E0865,road_accident,2,6.49,5,normal,2,2,0,windy,1,Medium,26,delayed
E0866,fire_school,4,10.19,5,normal,43,1,0,clear,1,Critical,35,escalated
E0867,fire_house,1,11.36,5,rush_hour,151,0,1,windy,4,Low,32,delayed
E0868,minor_injury,2,10.1,4,night,3,0,1,fog,3,Medium,33,delayed
E0869,minor_injury,5,11.17,4,night,1,4,1,windy,1,Critical,31,escalated
E0870,fire_school,3,3.31,5,normal,194,0,0,clear,2,Critical,20,delayed
E0871,road_accident,3,6.7,2,normal,1,2,1,rain,3,High,21,escalated
E0872,minor_injury,3,10.51,3,normal,5,1,0,windy,7,High,29,escalated
E0873,heart_attack,4,8.91,5,night,2,4,0,windy,10,Critical,30,escalated
E0874,road_accident,5,8.95,5,normal,5,3,0,fog,7,Critical,31,escalated
E0875,fire_school,5,0.55,4,night,145,0,0,fog,3,Critical,9,stabilized
E0876,road_accident,3,14.22,1,night,1,3,0,rain,3,High,35,escalated
E0877,gas_leak,3,12.38,3,normal,1,2,0,rain,10,High,35,escalated
E0878,heart_attack,1,1.0,3,normal,3,4,0,windy,7,Low,11,stabilized
E0879,fire_house,2,2.91,3,normal,180,5,1,windy,9,Medium,14,stabilized
E0880,road_accident,1,14.62,1,night,4,3,1,windy,8,Low,31,delayed
E0881,heart_attack,4,8.24,5,night,4,4,0,rain,9,Critical,29,escalated
E0882,minor_injury,4,14.23,3,night,4,2,1,clear,5,Critical,36,escalated
E0883,fire_house,1,12.74,2,night,163,1,1,rain,1,Low,34,delayed
E0884,heart_attack,5,1.86,2,normal,1,3,1,clear,9,Critical,12,stabilized
E0885,heart_attack,5,14.62,1,night,4,0,0,clear,8,Critical,34,escalated
E0886,fire_house,2,6.11,3,normal,41,4,0,windy,3,Medium,19,delayed
E0887,heart_attack,1,14.58,2,rush_hour,3,3,1,fog,2,Low,37,delayed
E0888,road_accident,3,14.06,4,night,3,4,1,rain,3,High,36,escalated
E0889,fire_school,5,12.92,2,night,173,5,1,clear,2,Critical,29,escalated
E0890,minor_injury,5,11.45,1,night,1,4,1,windy,5,Critical,28,escalated
E0891,fire_school,3,11.9,3,rush_hour,172,3,1,fog,10,Critical,32,escalated
E0892,fire_house,3,9.81,2,normal,70,0,1,fog,9,High,25,escalated
E0893,fire_house,2,2.05,5,night,166,3,0,fog,10,Medium,19,delayed
E0894,fire_house,4,5.9,4,rush_hour,58,4,0,rain,2,Critical,20,delayed
E0895,gas_leak,5,13.46,5,night,3,1,0,rain,2,Critical,37,escalated
E0896,road_accident,3,7.63,1,rush_hour,4,0,0,clear,4,High,17,delayed
E0897,fire_house,1,4.27,5,normal,44,0,1,clear,6,Low,23,delayed
E0898,road_accident,1,7.35,4,normal,2,4,0,fog,8,Low,25,delayed
E0899,minor_injury,4,1.71,2,rush_hour,5,0,1,rain,2,Critical,11,stabilized
E0900,gas_leak,5,8.62,5,night,5,3,0,windy,9,Critical,31,escalated
E0901,gas_leak,2,1.74,1,rush_hour,1,3,1,rain,6,Medium,7,stabilized
E0902,minor_injury,1,9.55,4,normal,5,1,1,clear,8,Low,27,delayed
E0903,heart_attack,1,2.85,5,night,1,5,1,fog,10,Low,17,delayed
E0904,minor_injury,3,3.58,1,night,2,1,1,fog,9,High,14,stabilized
E0905,fire_house,5,9.01,4,rush_hour,33,1,0,windy,3,Critical,29,escalated
E0906,fire_house,1,5.1,2,night,168,3,0,windy,7,Low,18,delayed
E0907,minor_injury,1,13.41,1,night,5,3,0,fog,10,Low,29,delayed
E0908,road_accident,2,12.54,1,rush_hour,2,2,1,fog,8,Medium,30,delayed
E0909,fire_house,1,5.04,4,rush_hour,87,5,1,clear,10,Low,20,delayed
E0910,road_accident,4,0.62,5,rush_hour,3,3,0,rain,8,Critical,15,stabilized
E0911,gas_leak,1,10.29,1,night,4,2,0,windy,8,Low,27,delayed
E0912,fire_house,1,4.44,5,normal,38,3,0,rain,5,Low,21,delayed
E0913,gas_leak,3,3.33,3,rush_hour,5,2,1,fog,4,High,13,stabilized
E0914,fire_school,2,7.26,4,normal,175,0,1,rain,8,Critical,26,escalated
E0915,minor_injury,3,11.1,5,night,1,4,0,rain,8,High,36,escalated
E0916,road_accident,2,8.88,4,rush_hour,5,0,0,fog,2,Medium,26,delayed
E0917,minor_injury,3,8.89,1,normal,4,1,1,clear,3,High,20,delayed
E0918,fire_school,5,13.61,4,night,121,3,1,rain,3,Critical,39,escalated
E0919,fire_school,2,9.23,4,night,198,2,0,clear,5,Critical,30,escalated
E0920,minor_injury,3,2.42,1,rush_hour,2,1,1,clear,5,High,10,stabilized
E0921,fire_school,4,5.75,3,night,141,2,1,windy,4,Critical,22,escalated
E0922,minor_injury,4,6.35,2,rush_hour,2,5,1,fog,4,Critical,19,delayed
E0923,heart_attack,3,12.97,1,rush_hour,2,4,0,windy,5,High,30,escalated
E0924,heart_attack,3,7.38,3,night,3,0,1,windy,6,High,25,escalated
E0925,fire_house,2,12.36,2,rush_hour,110,1,1,windy,1,Medium,30,delayed
E0926,heart_attack,2,9.58,2,rush_hour,4,2,0,rain,4,Medium,28,delayed
E0927,fire_school,4,11.89,1,normal,192,1,1,fog,10,Critical,26,escalated
E0928,fire_school,5,13.12,5,rush_hour,179,3,0,windy,1,Critical,39,escalated
E0929,road_accident,5,8.13,4,night,5,0,1,fog,2,Critical,27,escalated
E0930,road_accident,2,9.87,4,normal,3,0,0,windy,2,Medium,28,delayed
E0931,fire_house,4,12.77,3,rush_hour,163,1,0,rain,7,Critical,31,escalated
E0932,minor_injury,1,6.88,2,normal,3,0,0,clear,2,Low,20,delayed
E0933,fire_house,1,5.18,4,night,125,5,1,rain,9,Low,20,delayed
E0934,heart_attack,5,13.37,1,normal,1,2,1,windy,2,Critical,31,escalated
E0935,fire_house,5,8.46,5,normal,176,4,0,clear,3,Critical,26,escalated
E0936,fire_house,4,1.49,3,normal,71,1,1,windy,3,Critical,8,stabilized
E0937,heart_attack,1,9.55,1,normal,2,4,0,windy,4,Low,22,delayed
E0938,fire_school,4,7.45,4,rush_hour,97,5,1,fog,4,Critical,24,escalated
E0939,road_accident,2,11.72,1,normal,3,2,1,fog,4,Medium,27,delayed
E0940,fire_school,4,11.67,1,night,178,0,0,clear,9,Critical,29,escalated
E0941,gas_leak,4,9.14,2,rush_hour,5,5,0,clear,4,Critical,22,escalated
E0942,heart_attack,1,14.49,1,rush_hour,5,5,0,windy,9,Low,30,delayed
E0943,heart_attack,1,6.11,3,night,3,3,1,windy,7,Low,19,delayed
E0944,fire_house,1,0.9,1,night,166,5,1,fog,10,Low,5,stabilized
E0945,road_accident,3,4.73,4,normal,5,0,1,rain,7,High,19,delayed
E0946,road_accident,2,4.73,5,normal,5,2,0,windy,8,Medium,22,delayed
E0947,fire_house,4,10.38,5,night,67,2,0,fog,8,Critical,35,escalated
E0948,gas_leak,1,3.41,4,normal,5,2,1,windy,4,Low,18,delayed
E0949,gas_leak,1,13.34,3,night,4,1,0,windy,6,Low,36,delayed
E0950,minor_injury,3,14.45,1,night,5,4,1,fog,7,High,33,escalated
E0951,fire_house,2,7.64,4,rush_hour,62,5,0,rain,2,Medium,24,delayed
E0952,heart_attack,5,10.76,5,rush_hour,1,1,0,windy,1,Critical,32,escalated
E0953,fire_school,1,6.21,1,rush_hour,81,0,1,fog,9,Critical,19,delayed
E0954,fire_school,2,10.63,3,night,57,0,1,windy,3,Critical,27,escalated
E0955,minor_injury,4,6.01,3,normal,5,1,0,rain,10,Critical,22,escalated
E0956,fire_school,2,13.31,2,normal,53,2,0,fog,6,Critical,33,escalated
E0957,gas_leak,2,2.49,5,night,5,3,0,clear,3,Medium,19,delayed
E0958,fire_house,1,1.05,1,normal,142,2,1,windy,10,Low,9,stabilized
E0959,fire_house,2,9.42,5,normal,179,3,0,clear,6,Medium,32,delayed
E0960,fire_house,2,9.2,4,rush_hour,179,1,1,clear,8,Medium,26,delayed
E0961,fire_school,1,8.15,3,normal,86,0,0,clear,7,Critical,23,escalated
E0962,gas_leak,5,10.05,4,normal,1,3,1,fog,2,Critical,28,escalated
E0963,fire_house,5,7.58,4,normal,102,1,0,rain,10,Critical,27,escalated
E0964,fire_house,3,14.53,1,night,200,5,0,windy,8,High,32,escalated
E0965,fire_house,4,14.47,4,rush_hour,15,1,0,windy,7,Critical,41,escalated
E0966,road_accident,3,8.82,5,night,4,3,1,fog,10,High,31,escalated
E0967,fire_school,5,8.07,4,normal,159,0,0,fog,10,Critical,26,escalated
E0968,road_accident,4,14.77,2,night,2,3,1,windy,10,Critical,37,escalated
E0969,minor_injury,1,4.66,5,normal,1,2,0,rain,1,Low,21,delayed
E0970,gas_leak,4,6.28,1,night,4,2,1,windy,10,Critical,18,delayed
E0971,fire_school,1,13.92,4,rush_hour,178,1,1,fog,7,Critical,38,escalated
E0972,minor_injury,2,13.45,2,normal,5,3,0,fog,8,Medium,33,delayed
E0973,minor_injury,5,8.8,2,rush_hour,2,3,0,clear,4,Critical,21,escalated
E0974,fire_house,3,10.01,2,night,89,0,1,clear,4,High,26,escalated
E0975,fire_school,4,7.03,1,night,5,3,1,windy,8,Critical,18,delayed
E0976,fire_house,3,4.64,5,rush_hour,81,5,1,windy,9,High,19,delayed
E0977,gas_leak,4,12.15,3,rush_hour,2,4,0,rain,9,Critical,34,escalated
E0978,road_accident,1,5.99,3,rush_hour,3,3,0,fog,9,Low,20,delayed
E0979,road_accident,1,10.0,2,night,3,4,1,rain,6,Low,25,delayed
E0980,fire_house,4,10.04,3,rush_hour,46,3,0,clear,9,Critical,28,escalated
E0981,heart_attack,1,9.53,4,normal,3,4,1,windy,1,Low,32,delayed
E0982,gas_leak,3,11.69,5,normal,3,2,0,fog,9,High,38,escalated
E0983,gas_leak,5,9.85,2,rush_hour,3,2,0,clear,2,Critical,27,escalated
E0984,road_accident,4,14.53,2,rush_hour,3,3,0,fog,10,Critical,34,escalated
E0985,minor_injury,5,10.85,2,night,4,3,1,windy,8,Critical,30,escalated
E0986,gas_leak,2,2.48,4,normal,1,5,1,rain,1,Medium,12,stabilized
E0987,road_accident,4,5.7,1,night,1,3,1,clear,3,Critical,16,delayed
E0988,heart_attack,3,6.26,5,normal,1,2,1,clear,8,High,26,escalated
E0989,minor_injury,3,3.41,4,night,1,2,0,fog,1,High,17,delayed
E0990,road_accident,2,14.68,5,night,2,0,0,fog,2,Medium,40,delayed
E0991,gas_leak,4,8.15,3,normal,3,2,1,fog,5,Critical,26,escalated
E0992,minor_injury,3,1.72,1,night,3,5,1,windy,2,High,6,stabilized
E0993,road_accident,5,10.5,2,normal,3,2,0,windy,2,Critical,26,escalated
E0994,fire_house,5,4.28,3,night,175,3,0,fog,8,Critical,18,delayed
E0995,fire_school,5,8.9,3,rush_hour,37,5,0,windy,8,Critical,23,escalated
E0996,fire_house,3,1.03,4,normal,121,3,0,fog,2,High,13,stabilized
E0997,heart_attack,5,4.97,5,rush_hour,5,1,1,windy,10,Critical,23,escalated
E0998,fire_school,5,2.38,1,night,150,4,1,fog,10,Critical,7,stabilized
E0999,minor_injury,3,4.8,5,normal,1,3,0,windy,10,High,21,escalated
E1000,road_accident,3,14.12,3,night,5,2,0,rain,2,High,39,escalated
